{
  "hand_x_start": 0.1288,
  "hand_y_start": 0.8574,
  "hand_tile_width": 0.0479,
  "hand_tile_height": 0.094,
  "drawn_gap": 0.014,
  "dora_x": 0.030303030303030304,
  "dora_y": 0.2600671140939597,
  "dora_w": 0.1414141414141414,
  "dora_h": 0.05704697986577181,
  "wall_x": 0.4128787878787879,
  "wall_y": 0.5889261744966443,
  "wall_w": 0.17676767676767677,
  "wall_h": 0.12416107382550336,
  "meld_self_x": 0.44191919191919193,
  "meld_self_y": 0.8137583892617449,
  "meld_self_w": 0.5,
  "meld_self_h": 0.11912751677852348,
  "meld_right_x": 0.7537878787878788,
  "meld_right_y": 0.22483221476510068,
  "meld_right_w": 0.13636363636363635,
  "meld_right_h": 0.38926174496644295,
  "meld_opposite_x": 0.20959595959595959,
  "meld_opposite_y": 0.22986577181208054,
  "meld_opposite_w": 0.3005050505050505,
  "meld_opposite_h": 0.08557046979865772,
  "meld_left_x": 0.027777777777777776,
  "meld_left_y": 0.5050335570469798,
  "meld_left_w": 0.08712121212121213,
  "meld_left_h": 0.42449664429530204,
  "hand_x_max": 0.74,
  "drawn_x_gap_ratio": 1.2
}