{
  "labels": [
    "0m",
    "1m",
    "2m",
    "3m",
    "4m",
    "5m",
    "6m",
    "7m",
    "8m",
    "9m",
    "0p",
    "1p",
    "2p",
    "3p",
    "4p",
    "5p",
    "6p",
    "7p",
    "8p",
    "9p",
    "0s",
    "1s",
    "2s",
    "3s",
    "4s",
    "5s",
    "6s",
    "7s",
    "8s",
    "9s",
    "1z",
    "2z",
    "3z",
    "4z",
    "5z",
    "6z",
    "7z"
  ],
  "input_w": 32,
  "input_h": 48,
  "feature_dim": 1536,
  "created_at": "2026-03-13T18:04:39",
  "samples": {
    "raw": 483,
    "augmented": 4347,
    "train": 3479,
    "val": 868
  },
  "metrics": {
    "train_acc": 0.9902270767461915,
    "val_acc": 0.9723502304147466
  }
}