{
  "labels": [
    "1m",
    "2m",
    "3m",
    "4m",
    "5m",
    "6m",
    "7m",
    "8m",
    "9m",
    "1p",
    "2p",
    "3p",
    "4p",
    "5p",
    "6p",
    "7p",
    "8p",
    "9p",
    "1s",
    "2s",
    "3s",
    "4s",
    "5s",
    "6s",
    "7s",
    "8s",
    "9s",
    "1z",
    "2z",
    "3z",
    "4z",
    "5z",
    "6z",
    "7z"
  ],
  "input_w": 32,
  "input_h": 48,
  "feature_dim": 1536,
  "created_at": "2026-03-12T17:54:24",
  "samples": {
    "raw": 34,
    "augmented": 306,
    "train": 238,
    "val": 68
  },
  "metrics": {
    "train_acc": 0.9789915966386554,
    "val_acc": 0.9411764705882353
  }
}